ScientificName;VernacularName;UUID
Obscurus;Unbekannt;
;Leerbild;
Mammalia;Säugetier;
Vehiculus;Fahrzeug;
Aves;Vogel;
Psittacula eupatria (Linnaeus, 1766);Alexandersittich;1e94b9ba-936f-4d9b-bf15-95734e467adc
Prunella collaris (Scopoli, 1769);Alpenbraunelle;ca0fe3f4-55db-49e7-baa1-0cfd6034547c
Pyrrhocorax graculus (Linnaeus, 1766);Alpendohle;75a755a9-fbdf-42dd-bdd7-3b570c69c5ed
Lagopus muta (Montin, 1781);Alpenschneehuhn;606f2e0a-74aa-4837-a893-7d73b53542d5
Apus melba (Linnaeus, 1758);Alpensegler;84c0b6c5-7239-42c0-8ce8-12640a430c50
Calidris alpina (Linnaeus, 1758);Alpenstrandläufer;bccd72b9-5542-4591-a9d8-9f8f81f57c85
Turdus merula Linnaeus, 1758;Amsel;1453b574-5ab6-4887-897f-1a592e23c5f8
Tetrao urogallus Linnaeus, 1758;Auerhuhn;4d8c906d-ef7c-4dc5-aab6-a5f2b9340bc5
Haematopus ostralegus Linnaeus, 1758;Austernfischer;81b20403-b636-4a1b-bf8f-0b386d42e087
Motacilla alba Linnaeus, 1758;Bachstelze;aedc0a14-c288-41eb-8ef6-3837d54b5c12
Panurus biarmicus (Linnaeus, 1758);Bartmeise;6f43f21e-8b48-4638-86b7-31aa73416d0c
Sula bassana (Linnaeus, 1758);Basstölpel;c6325cec-2c59-4394-b36b-ea54663e1d14
Falco subbuteo Linnaeus, 1758;Baumfalke;973b47aa-42d4-407e-a5a3-b5b4266a4bda
Anthus trivialis (Linnaeus, 1758);Baumpieper;590e1567-34b1-4d72-a97a-b2264bd0ac63
Gallinago gallinago (Linnaeus, 1758);Bekassine;6c4c18f3-dbfd-42fb-a680-97e1e9a03190
Aythya marila (Linnaeus, 1761);Bergente;4a54427f-fa91-41e8-a734-1cfc3bcfca83
Phylloscopus bonelli (Vieillot, 1819);Berglaubsänger;23a2e283-73ed-4514-9b59-7cfc9a595e6d
Anthus spinoletta (Linnaeus, 1758);Bergpieper;3f28082d-ef00-4441-a79f-164eafbe2efe
Remiz pendulinus (Linnaeus, 1758);Beutelmeise;7aefc780-d4dc-480c-94b9-f41d5aac9275
Merops apiaster (Linnaeus, 1758);Bienenfresser;40fdbc52-2932-4e97-8f06-1cc43c0ba5c0
Carduelis flammea (Linnaeus, 1758);Birkenzeisig;8508d70e-9d6c-44ff-8c5e-59f2539b71e3
Tetrao tetrix Linnaeus, 1758;Birkhuhn;d8e0a6d3-7f92-4443-965a-66fbb6bedd61
Fulica atra Linnaeus, 1758;Blässhuhn;d6196d86-e7e0-4f0f-921e-24fced92cf21
Luscinia svecica (Linnaeus, 1758);Blaukehlchen;9375f832-84cc-46d0-84d6-50262ba74aff
Parus caeruleus Linnaeus, 1758;Blaumeise;c2380c70-99ee-4be0-a3e8-b18e0905415c
Coracias garrulus Linnaeus, 1758;Blauracke;1f02fd5e-8935-4bff-a7c7-f00358cbb221
Carduelis cannabina (Linnaeus, 1758);Bluthänfling;4b9ade04-725b-4db9-90d9-1dc9a9bc711d
Anthus campestris (Linnaeus, 1758);Brachpieper;8f9102a9-ebfe-48ae-ba7d-1ae701f2e496
Tadorna tadorna (Linnaeus, 1758);Brandgans;5586620d-343e-4cd7-8ebc-aaaba8688b77
Sterna sandvicensis Latham, 1787;Brandseeschwalbe;3a01de23-d1ed-4b16-ba74-2a159e3240d0
Saxicola rubetra (Linnaeus, 1758);Braunkehlchen;597d090a-5675-48ec-9961-9a5a900913b4
Aix sponsa (Linnaeus, 1758);Brautente;2edd7c56-a344-4f13-955a-e1ea0a723ce8
Tringa glareola Linnaeus, 1758;Bruchwasserläufer;3eecc5eb-af4c-4871-96d3-e5e420ba0341
Fringilla coelebs Linnaeus, 1758;Buchfink;8134b577-1b51-4865-9f89-614744c7100d
Dendrocopos major (Linnaeus, 1758);Buntspecht;9902f5bf-e134-4ac2-bcb4-77e120b9b36d
Phoenicopterus chilensis Molina, 1782;Chileflamingo;fb32acfa-9448-4837-a663-d235a65dc8a2
Coloeus monedula (Linnaeus, 1758);Dohle;3809bb45-840b-4d86-b59b-ec7778b73f5b
Gallinago media (Latham, 1787);Doppelschnepfe;ef4504cb-295b-409e-adc6-3a10e83c47c8
Sylvia communis Latham, 1787;Dorngrasmücke;ced874e6-5c10-45f1-a50e-a24c0046816d
Rissa tridactyla (Linnaeus, 1758);Dreizehenmöwe;0e7ef652-27b9-4ec0-a293-71ba14656c51
Picoides tridactylus (Linnaeus, 1758);Dreizehenspecht;78ae1d3f-a846-410f-abad-d18829ed8974
Acrocephalus arundinaceus (Linnaeus, 1758);Drosselrohrsänger;1d57aaeb-89f4-4c39-977f-23a201a98c84
Garrulus glandarius (Linnaeus, 1758);Eichelhäher;99ac13b8-d940-4051-ab43-040ff780fa55
Somateria mollissima (Linnaeus, 1758);Eiderente;83da3ca2-1039-44e3-a495-e421b37dcb73
Fulmarus glacialis (Linnaeus, 1761);Eissturmvogel;596e2a33-0be6-483d-94e8-ec942e5c8831
Alcedo atthis (Linnaeus, 1758);Eisvogel;8ae6ce37-feae-4592-91ee-61a9194e2cd5
Pica pica (Linnaeus, 1758);Elster;5ea7c486-3920-4963-83c8-e680f21a1769
Carduelis spinus (Linnaeus, 1758);Erlenzeisig;443213ed-3bb5-4693-9976-0a7a5644d7c5
Alauda arvensis Linnaeus, 1758;Feldlerche;9773a901-c215-44fb-b1aa-3df3432c77da
Locustella naevia (Boddaert, 1781);Feldschwirl;feebdaa7-2534-4c50-81e3-1a7ed29da2d8
Passer montanus (Linnaeus, 1758);Feldsperling;7064741e-9319-4288-9bd0-9c63487e2687
Ptyonoprogne rupestris (Scopoli, 1769);Felsenschwalbe;45538dbf-62b5-4a45-b2ec-2319d48bcfa0
Loxia curvirostra Linnaeus, 1758;Fichtenkreuzschnabel;dce5f5e2-5313-42ee-bfba-22626340d08f
Pandion haliaetus (Linnaeus, 1758);Fischadler;3725bf3b-5906-406c-9f25-1e6bcb0ef617
Phylloscopus trochilus (Linnaeus, 1758);Fitis;209b3264-ffde-41fc-92a5-45b9fbc66108
Charadrius dubius Scopoli, 1786;Flussregenpfeifer;c274061c-cc23-4b56-bcb9-fef1a9f04004
Sterna hirundo Linnaeus, 1758;Flussseeschwalbe;dd7fcba4-2ec8-4e48-bb78-b5fda36f70e3
Actitis hypoleucos (Linnaeus, 1758);Flussuferläufer;234891b8-bbaf-48d3-b686-1729c0eeb21c
Gyps fulvus (Hablizl, 1783);Gänsegeier;9dc0f2b3-f220-48b4-9cc6-4508a5ae93a9
Mergus merganser Linnaeus, 1758;Gänsesäger;5df585da-c92d-4d4b-874e-10dadd32bc8d
Certhia brachydactyla C.L. Brehm, 1820;Gartenbaumläufer;065cd557-da49-4132-8044-48bfce6c2ed2
Sylvia borin (Boddaert, 1783);Gartengrasmücke;d63d990f-1fd6-4624-a401-6a447b794e34
Phoenicurus phoenicurus (Linnaeus, 1758);Gartenrotschwanz;553e1983-6341-4508-9cf0-76e83c126fd0
Motacilla cinerea Tunstall, 1771;Gebirgsstelze;603b90d4-c554-42d8-86c1-91ca4ab9a4b2
Amazona oratrix Ridgway, 1887;Gelbkopfamazone;8f2d8247-f7dd-4f3e-9b7e-c6a55efe1ca4
Motacilla flavissima (Blyth, 1834);Gelbkopf-Schafstelze;ceedd857-e531-4e9d-bf3e-a7027044215a
Hippolais icterina (Vieillot, 1817);Gelbspötter;76c46b17-c3d9-4a46-bc35-239b656ba42e
Pyrrhula pyrrhula (Linnaeus, 1758);Gimpel;6b343d12-37fa-4d04-90d7-ab6d2820aab8
Serinus serinus (Linnaeus, 1766);Girlitz;960c044c-e2cf-49a1-a934-92ac3cfadf97
Emberiza citrinella Linnaeus, 1758;Goldammer;9da1c545-4e90-4de9-991f-51ed78dd9c55
Pluvialis apricaria (Linnaeus, 1758);Goldregenpfeifer;dbc24e83-7f4b-46bf-a44b-ef4ba7ab86cd
Emberiza calandra Linnaeus, 1758;Grauammer;33cf0743-03c0-4a8f-a26c-5afe9bf572ab
Anser anser (Linnaeus, 1758);Graugans;88a626a3-813a-48a1-b691-f30bb90f9df6
Ardea cinerea Linnaeus, 1758;Graureiher;ee380f32-82aa-4958-a7bb-5cd50471762d
Muscicapa striata (Pallas, 1764);Grauschnäpper;537b0d30-ca6c-483b-a78e-1158a4b07000
Picus canus J.F. Gmelin, 1788;Grauspecht;21971f93-0f7c-4309-b7e9-c219623d998e
Numenius arquata (Linnaeus, 1758);Großer Brachvogel;50b21bf5-3e43-4576-ae10-ecce72db112a
Otis tarda Linnaeus, 1758;Großtrappe;8b35b591-80a9-4f4f-989f-bb7bd803fbd7
Carduelis chloris (Linnaeus, 1758);Grünfink;fa0b11df-a0ef-492d-8f78-480a39bc2240
Phylloscopus trochiloides (Sundevall, 1837);Grünlaubsänger;eee078fe-3661-4259-ab27-b6b04d862b26
Picus viridis Linnaeus, 1758;Grünspecht;e4bc6dd3-b5ab-4bb3-8bb4-b535a02cd9b4
Accipiter gentilis (Linnaeus, 1758);Habicht;ca2e3083-6b6a-42c3-8ef3-4376c001f070
Strix uralensis Pallas, 1771;Habichtskauz;b5daf3bf-550b-4419-90ec-240649ad346d
Ficedula albicollis (Temminck, 1815);Halsbandschnäpper;f65bc547-c373-4659-988a-9e61ee71672f
Psittacula krameri (Scopoli, 1769);Halsbandsittich;7ac3ba11-596a-42cb-87a7-5acc7fc7ddd8
Tetrastes bonasia (Linnaeus, 1758);Haselhuhn;59f3cf53-9c0f-4f5f-8ca4-f72ecd63e5f9
Galerida cristata (Linnaeus, 1758);Haubenlerche;385c7060-6ec1-454b-b9c0-dccb04ffd11a
Parus cristatus Linnaeus, 1758;Haubenmeise;7e19003e-734c-459e-88ce-261920359785
Podiceps cristatus (Linnaeus, 1758);Haubentaucher;f6136c08-cf67-4cfd-8ca1-3f8d17c49026
Phoenicurus ochruros (S.G. Gmelin, 1774);Hausrotschwanz;ea4c7b8f-63e9-45de-a351-bfa3348787b7
Passer domesticus (Linnaeus, 1758);Haussperling;29859319-5cd3-4c2f-afa5-4f56fe35af29
Prunella modularis (Linnaeus, 1758);Heckenbraunelle;1a3a53f9-4972-4629-ac13-d12c1e3cff0d
Lullula arborea (Linnaeus, 1758);Heidelerche;477144b5-882a-4c88-875d-c28c4cf26e0e
Larus fuscus Linnaeus, 1758;Heringsmöwe;d4dc41a3-9077-4605-9204-883f436b3e82
Cygnus olor (J.F. Gmelin, 1789);Höckerschwan;53f55c08-89f9-411e-81a0-c83e0fbe1540
Columba oenas Linnaeus, 1758;Hohltaube;65199d62-5ee0-4a7d-bdeb-699112dff8e1
Phasianus colchicus Linnaeus, 1758;Jagdfasan;78efe663-5bea-42b5-adf6-ec5123035ecd
Philomachus pugnax (Linnaeus, 1758);Kampfläufer;247c4794-86ce-4f0a-8d07-5f18f078d5e3
Branta canadensis (Linnaeus, 1758);Kanadagans;521bdfd5-1d6f-41e1-8a0a-f0696adfa9e0
Carpodacus erythrinus (Pallas, 1770);Karmingimpel;1e136358-5a61-4638-9f26-c0b85644c092
Coccothraustes coccothraustes (Linnaeus, 1758);Kernbeißer;c85ec472-59b3-4c51-8faa-23638d9795f6
Vanellus vanellus (Linnaeus, 1758);Kiebitz;7207016f-ac29-4595-9967-dfd085bec14a
Sylvia curruca (Linnaeus, 1758);Klappergrasmücke;ca7ff520-d74e-462e-a9b3-2af3634c7102
Sitta europaea Linnaeus, 1758;Kleiber;e9818006-4bbc-404c-85ab-91d544f2c6d5
Porzana parva (Scopoli, 1769);Kleines Sumpfhuhn;ce1df6cd-d621-4793-bde7-9f7ec270aab6
Dryobates minor (Linnaeus, 1758);Kleinspecht;35a4ca18-1029-41a9-93de-4a3debeff160
Anas querquedula Linnaeus, 1758;Knäkente;4f9fadc0-462f-4a41-b6f9-930196d82a67
Parus major Linnaeus, 1758;Kohlmeise;a3a31a69-3b28-4d64-b417-3c863e4405ef
Netta rufina (Pallas, 1773);Kolbenente;124c3213-483e-4b63-a264-1fed799464b9
Corvus corax Linnaeus, 1758;Kolkrabe;1af21e0c-3a2c-4fd5-a12f-2b19fe779152
Phalacrocorax carbo (Linnaeus, 1758);Kormoran;343dfe77-1216-4880-8d96-de0aeedddea6
Circus cyaneus (Linnaeus, 1766);Kornweihe;df895c05-d5f2-4a54-9402-0cbb3bc18057
Grus grus (Linnaeus, 1758);Kranich;9bcacb81-7858-4842-8b83-c24ab116c608
Anas crecca Linnaeus, 1758;Krickente;f6f73f43-37ea-4c82-8afa-8d7511c6b92b
Phoenicopterus ruber Linnaeus, 1758;Kubaflamingo;e86a548f-678a-4e75-874e-4f61ad69dd6f
Cuculus canorus Linnaeus, 1758;Kuckuck;d8ebb0e3-2ba4-4f0d-af33-61ed4c84fda5
Sterna paradisaea Pontoppidan, 1763;Küstenseeschwalbe;c9f065a7-f6a9-4843-a866-cbc4cccfc82b
Larus ridibundus Linnaeus, 1766;Lachmöwe;5f631595-5945-4cf9-a9ed-032202bb4098
Gelochelidon nilotica J.F. Gmelin, 1789;Lachseeschwalbe;fad66b12-9987-4464-9db9-c01bf50b428a
Anas clypeata Linnaeus, 1758;Löffelente;1aaec30f-6ac5-4121-9581-00788eb1ebb1
Platalea leucorodia Linnaeus, 1758;Löffler;257a0f87-9204-47e6-8506-718693461bb7
Aix galericulata (Linnaeus, 1758);Mandarinente;c7feb9a1-f1fd-4149-bb68-582f580a5a92
Larus marinus Linnaeus, 1758;Mantelmöwe;4d89dd91-cdfc-41f7-a240-e99a1586d5a0
Tichodroma muraria (Linnaeus, 1766);Mauerläufer;7f2aac82-9368-49f4-8ddd-607bb3326b1b
Apus apus (Linnaeus, 1758);Mauersegler;8ac275ca-7a9e-4b65-ab0c-9e78dda18ce0
Buteo buteo (Linnaeus, 1758);Mäusebussard;6efa4c3e-926e-44eb-a25f-c82bffb1abcb
Delichon urbicum (Linnaeus, 1758);Mehlschwalbe;02a8ba19-ee81-4e6f-ac0e-9f9c5edd437a
Turdus viscivorus Linnaeus, 1758;Misteldrossel;d57dfeca-4c16-47a0-a334-76e1a4178d8d
Larus michahellis J.F. Naumann, 1840;Mittelmeermöwe;cb9f105b-f09a-48a3-a906-748078d8dcda
Mergus serrator Linnaeus, 1758;Mittelsäger;09a5d457-6a47-4cde-babf-dba0e2bd46ae
Dendrocopos medius (Linnaeus, 1758);Mittelspecht;e6977f2b-e834-483a-a5dd-490c42810e8e
Sylvia atricapilla (Linnaeus, 1758);Mönchsgrasmücke;aeb1916d-e4d9-4db7-bc62-754f46f03ff7
Aythya nyroca (Güldenstädt, 1770);Moorente;7c25356c-beb9-48d7-aa24-dc9f629c6a8d
Charadrius morinellus Linnaeus, 1758;Mornellregenpfeifer;d7c58dbe-e0c7-4dcb-a633-c562decbbff3
Luscinia megarhynchos C.L. Brehm, 1831;Nachtigall;291662a9-f9b4-4030-b379-415e3191e34c
Nycticorax nycticorax (Linnaeus, 1758);Nachtreiher;6209c979-4d2b-4248-ae15-7449f4c88aa8
Rhea americana (Linnaeus, 1758);Nandu;072b7dc5-8b6a-49c8-9fdb-9aee75555a7d
Corvus cornix Linnaeus, 1758;Nebelkrähe;a3a6b442-0399-4acb-aa49-b2d7f71a4844
Lanius collurio Linnaeus, 1758;Neuntöter;f516947c-e5c7-4357-a3aa-69a7abaa5a1a
Alopochen aegyptiaca (Linnaeus, 1766);Nilgans;502f4b31-993d-4d23-ada3-47f94e405888
Podiceps auritus (Linnaeus, 1758);Ohrentaucher;cee5a6d7-a862-4adf-9a10-4fc649ae6e2d
Hippolais polyglotta (Vieillot, 1817);Orpheusspötter;99bcd899-defd-42d2-8520-a51132d6631a
Emberiza hortulana Linnaeus, 1758;Ortolan;24826cce-6321-4c6d-848b-7712ea5d8051
Fratercula arctica (Linnaeus, 1758);Papageitaucher;b32bdab3-9aa5-4fbc-804e-74b889868c0f
Anas penelope Linnaeus, 1758;Pfeifente;981f189a-3c6d-495a-a022-93a405c0ee47
Oriolus oriolus (Linnaeus, 1758);Pirol;b277e833-39c0-419d-8b21-52015f41610c
Ardea purpurea Linnaeus, 1766;Purpurreiher;dc77da77-8ed1-4925-8ab1-95665fb734a8
Corvus corone Linnaeus, 1758;Rabenkrähe;ddeb8a87-1599-491e-909a-75be76c8f8c2
Hydroprogne caspia (Pallas, 1770);Raubseeschwalbe;c815c9da-cc0a-4ab1-b3cd-284881b7fb73
Lanius excubitor Linnaeus, 1758;Raubwürger;55651b37-c42a-420a-8562-f6b4dc577878
Hirundo rustica Linnaeus, 1758;Rauchschwalbe;482d0d8a-0e1a-4b8f-9358-db77a9ce87dd
Aegolius funereus (Linnaeus, 1758);Raufußkauz;b7804be8-44e6-49ef-b81a-662fd98dd080
Perdix perdix (Linnaeus, 1758);Rebhuhn;3df0d6e9-5f52-4509-a8db-39e0038459df
Aythya fuligula (Linnaeus, 1758);Reiherente;021e4409-ef96-44ee-995c-7ac225119cd8
Turdus torquatus Linnaeus, 1758;Ringdrossel;c5ae7017-7786-469a-9f1f-ff20a2c41685
Columba palumbus Linnaeus, 1758;Ringeltaube;ebed8d8a-5166-4388-a145-cc7c6e3c2e64
Emberiza schoeniclus (Linnaeus, 1758);Rohrammer;04151f8c-34d3-43b1-a9d7-171ea95e94d5
Botaurus stellaris (Linnaeus, 1758);Rohrdommel;96963488-a149-43d7-a627-e05b38091fcb
Locustella luscinioides (Savi, 1824);Rohrschwirl;93453f7c-2cf2-4ad1-9a2c-1e87da3442fc
Circus aeruginosus (Linnaeus, 1758);Rohrweihe;e8dbc77b-08e4-4886-9496-72d3851d207c
Phoenicopterus roseus Pallas, 1811;Rosaflamingo;5fc4841b-2c0c-4bc4-a2fc-1a94451a5d8e
Sterna dougallii Montagu, 1813;Rosenseeschwalbe;c4130cef-a5f6-4084-a899-c93ff47b9a41
Tadorna ferruginea (Pallas, 1764);Rostgans;64053096-76d1-4265-8bca-8be2e87ac1e7
Podiceps grisegena (Boddaert, 1783);Rothalstaucher;8011623c-36e7-467c-917e-f93aa3405050
Alectoris rufa (Linnaeus, 1758);Rothuhn;c891a231-0953-45fd-b9d7-c493dae9d127
Erithacus rubecula (Linnaeus, 1758);Rotkehlchen;c490b83b-3cfe-434a-94e7-ee6af54ab77b
Lanius senator Linnaeus, 1758;Rotkopfwürger;5bf86924-8f66-408c-897d-d51d7ea55c73
Milvus milvus (Linnaeus, 1758);Rotmilan;4a35b6b4-b520-4a02-b271-ec8c678360cd
Tringa totanus (Linnaeus, 1758);Rotschenkel;f5b80e07-e73b-48e0-aec2-180b8186d437
Callonetta leucophrys (Vieillot, 1816);Rotschulterente;bb721d2e-2704-4d21-8243-2b6641a2ed93
Corvus frugilegus Linnaeus, 1758;Saatkrähe;d52e962b-9464-4e0c-8f8d-326e1f067dff
Recurvirostra avosetta Linnaeus, 1758;Säbelschnäbler;fb10e4d4-c0fe-438a-8234-5b7501d279b9
Charadrius hiaticula Linnaeus, 1758;Sandregenpfeifer;5518850b-2e6a-4cf6-b0fd-0747cc9221fa
Aquila clanga Pallas, 1811;Schelladler;d27d3bc1-322d-4c4a-9eaa-dc4398d283a8
Bucephala clangula (Linnaeus, 1758);Schellente;48130819-eef0-436d-be7b-64a14387397c
Acrocephalus schoenobaenus (Linnaeus, 1758);Schilfrohrsänger;0af73277-d8f5-4dee-8ed3-485c20c7985c
Locustella fluviatilis (Wolf, 1810);Schlagschwirl;1ebfa4cd-907d-402c-bc4e-5c4894e79121
Circaetus gallicus (J.F. Gmelin, 1788);Schlangenadler;67f29bc0-1137-4c45-bbdf-c8d9350d0aa0
Tyto alba (Scopoli, 1769);Schleiereule;7c04d1f1-4938-418b-80f1-fc34856ae185
Anas strepera Linnaeus, 1758;Schnatterente;b7820bd0-8f62-4b45-8c85-c18c0e259c41
Anser caerulescens (Linnaeus, 1758);Schneegans;ca345e17-3b4a-43e3-8a60-cde12ddb027c
Montifringilla nivalis (Linnaeus, 1766);Schneesperling;ae99d185-620a-4737-af2d-2b3d7e6cc8d9
Aquila pomarina C.L. Brehm, 1831;Schreiadler;b53e0ce4-a658-4300-b7b9-36c05ef0c8b8
Anser cygnoides (Linnaeus, 1758);Schwanengans;877a59fb-b926-40f2-ac8c-4bf764ceb94c
Aegithalos caudatus (Linnaeus, 1758);Schwanzmeise;1021a7c9-70ee-44e7-99cf-fd1ce5247973
Podiceps nigricollis C.L. Brehm, 1831;Schwarzhalstaucher;87937627-69c1-4cfc-b0cd-7ef670982a95
Saxicola rubicola (Linnaeus, 1766);Schwarzkehlchen;fc911477-1803-48a2-acf4-220b246c4df3
Larus melanocephalus Temminck, 1820;Schwarzkopfmöwe;3a951dc6-904a-4b74-ab57-a9791b2e1da9
Milvus migrans (Boddaert, 1783);Schwarzmilan;add1d3ab-03a0-4c22-8e1b-664fa4f79e9c
Cygnus atratus (Latham, 1790);Schwarzschwan;05334e50-1886-4b7e-ad44-d7f5e6c28d31
Dryocopus martius (Linnaeus, 1758);Schwarzspecht;a146d4d1-b96c-4042-b14b-e07a24f1185a
Lanius minor J.F. Gmelin, 1788;Schwarzstirnwürger;98efe2d0-7bc2-4cf7-bd2d-b2e62c727b65
Ciconia nigra (Linnaeus, 1758);Schwarzstorch;7c65ba37-9032-47b9-8b0e-f5e15882abf2
Haliaeetus albicilla (Linnaeus, 1758);Seeadler;b78e20e3-e45b-4b93-b05a-2ced6ab0d554
Charadrius alexandrinus Linnaeus, 1758;Seeregenpfeifer;9c62e6e2-71ae-4db6-8eec-a530515ebc0c
Acrocephalus paludicola (Vieillot, 1817);Seggenrohrsänger;b62b49a7-e98f-49b4-b048-ad600d27e850
Larus argentatus Pontoppidan, 1763;Silbermöwe;156f1360-55c2-437a-9ae2-7df09f6a6dbf
Turdus philomelos C.L. Brehm, 1831;Singdrossel;ed071efe-4f81-4719-8826-f0faa190e0be
Cygnus cygnus (Linnaeus, 1758);Singschwan;d806dc34-cc6c-4b83-a2dc-a76c21447457
Regulus ignicapilla (Temminck, 1820);Sommergoldhähnchen;590de95d-8335-4805-a04e-42b608390cdc
Accipiter nisus (Linnaeus, 1758);Sperber;5ed85373-f711-4942-8a4b-f435b2e84440
Sylvia nisoria (Bechstein, 1795);Sperbergrasmücke;e5241904-e78f-4eec-8385-38bb12592923
Glaucidium passerinum (Linnaeus, 1758);Sperlingskauz;ae465ba7-06ce-454e-a5f2-b0cf21a83b76
Anas acuta Linnaeus, 1758;Spießente;77b4d161-f25c-4522-b7b0-c85454e6beb9
Luscinia luscinia (Linnaeus, 1758);Sprosser;0aa591ab-0b3a-4f35-843a-e061e8bc2dee
Sturnus vulgaris Linnaeus, 1758;Star;d4ddd400-ae3a-4abb-b2e3-5982cd9db610
Aquila chrysaetos (Linnaeus, 1758);Steinadler;47b35070-ac0a-4e8a-b259-282e9d59a255
Alectoris graeca (Meisner, 1804);Steinhuhn;fb3478ad-baa7-46a0-b273-6f632b4d24bf
Athene noctua (Scopoli, 1769);Steinkauz;a9728e94-5d20-4787-9af2-055aa0ab0152
Monticola saxatilis (Linnaeus, 1766);Steinrötel;5846344f-c53c-420e-a16b-cd285ed2214d
Oenanthe oenanthe (Linnaeus, 1758);Steinschmätzer;65eb94ca-8a9f-40ed-9c46-308a4f87e8f6
Petronia petronia (Linnaeus, 1766);Steinsperling;e48547b9-c8ef-4688-8c6a-0c15fb5b2919
Arenaria interpres (Linnaeus, 1758);Steinwälzer;29d346c1-bc34-4689-bd4f-82b822c195c1
Larus cachinnans Pallas, 1811;Steppenmöwe;007e39fa-c446-42e3-9a44-a028ee56699f
Carduelis carduelis (Linnaeus, 1758);Stieglitz;f55132ee-d23b-460f-86cd-ab0ab0f2f441
Anas platyrhynchos Linnaeus, 1758;Stockente;ebb1e3af-542c-4991-8e82-68295cbc18dd
Columba livia f. domestica J.F. Gmelin, 1789;Straßentaube;87c9e852-fbbc-4914-869f-efbb6936bac0
Anser indicus (Latham, 1790);Streifengans;334e36c4-2de1-401a-944b-00c050e76edf
Larus canus Linnaeus, 1758;Sturmmöwe;18b0e3cd-ce94-420f-81ea-d9ad73137d15
Parus palustris Linnaeus, 1758;Sumpfmeise;570341d2-361f-4f48-b4d8-741f550c1440
Asio flammeus (Pontoppidan, 1763);Sumpfohreule;a091156e-afac-4edb-9667-6214be82ed8d
Acrocephalus palustris (Bechstein, 1798);Sumpfrohrsänger;e15c4e6d-4a3e-4147-8666-d4444a063c6c
Aythya ferina (Linnaeus, 1758);Tafelente;78b96350-3971-4e31-a09d-67dfa9ddd7f3
Nucifraga caryocatactes (Linnaeus, 1758);Tannenhäher;6bef44ef-2dd1-4b6d-9e19-13c4f909bae7
Parus ater Linnaeus, 1758;Tannenmeise;ceb2782b-8726-466e-a45c-41673e0dcf09
Gallinula chloropus (Linnaeus, 1758);Teichhuhn;be824176-0dbb-4e5e-949c-39c184b4602a
Acrocephalus scirpaceus (Hermann, 1804);Teichrohrsänger;da807447-15d3-4a70-8f04-dc0447eb543f
Alca torda Linnaeus, 1758;Tordalk;a8facb27-bf83-4b7d-b035-2d64df0b9f3c
Motacilla yarrellii Gould, 1837;Trauerbachstelze;e6c2263d-e8d1-4475-87be-30497667b4dd
Ficedula hypoleuca (Pallas, 1764);Trauerschnäpper;edb49d0f-5d79-46b8-9a05-5873596c39d6
Chlidonias niger (Linnaeus, 1758);Trauerseeschwalbe;f93f4525-4f66-4885-9563-736acf3d58dd
Burhinus oedicnemus (Linnaeus, 1758);Triel;a414587f-50fa-43f8-aa02-ae814cbe0fa2
Uria aalge (Pontoppidan, 1763);Trottellumme;8cfc803c-1d38-488d-b2a1-fe99edbdb3f2
Meleagris gallopavo Linnaeus, 1758;Truthuhn;59fc5176-8be0-4f42-8db2-c1d03021ffaf
Porzana porzana (Linnaeus, 1766);Tüpfelsumpfhuhn;87ba3a84-4818-431b-ba56-b0c0b1c1f89a
Streptopelia decaocto (Frivaldszky, 1838);Türkentaube;5f117728-032d-4048-88cc-384f9f55f110
Falco tinnunculus Linnaeus, 1758;Turmfalke;3234321b-a424-44a9-8cdb-4f96c8dbdff5
Streptopelia turtur (Linnaeus, 1758);Turteltaube;acca30ea-ac3a-4220-a521-491abc39d803
Limosa limosa (Linnaeus, 1758);Uferschnepfe;80a3657c-566d-4fdf-b383-7b38752d4b7d
Riparia riparia (Linnaeus, 1758);Uferschwalbe;6b0efdea-818f-413f-99aa-16a4c5f10acf
Bubo bubo (Linnaeus, 1758);Uhu;2d81551d-8dd6-4aa4-a9c7-3a05878a247f
Turdus pilaris Linnaeus, 1758;Wacholderdrossel;2aca948d-6da7-4a3d-a7cf-a6e7c0f16273
Coturnix coturnix (Linnaeus, 1758);Wachtel;f3fe72bf-c588-4705-8fd5-ae194046df55
Crex crex (Linnaeus, 1758);Wachtelkönig;c2c8af04-010f-42ba-a1e1-fe3993ce01c4
Certhia familiaris Linnaeus, 1758;Waldbaumläufer;3ba8b000-150d-4a0b-8e3f-5779eccb48ae
Strix aluco Linnaeus, 1758;Waldkauz;7c1aabd6-3202-4a54-a094-4723fdc1e15b
Phylloscopus sibilatrix (Bechstein, 1793);Waldlaubsänger;ac1750fa-d9bb-471d-9c37-ff4d0d38bf8f
Asio otus (Linnaeus, 1758);Waldohreule;7fecd71e-1b1c-41e6-8cb5-021f23a90cbe
Geronticus eremita (Linnaeus, 1758);Waldrapp;cc4060cd-6141-4bcb-8053-cbe98ec06834
Scolopax rusticola Linnaeus, 1758;Waldschnepfe;758cd15c-faed-4b48-ae47-200b71e4cd3e
Tringa ochropus Linnaeus, 1758;Waldwasserläufer;1e7fc441-4a41-4dfc-8502-f285d350e962
Falco peregrinus Tunstall, 1771;Wanderfalke;fb2a22db-cf62-46fa-a3b6-cae46a313a96
Cinclus cinclus (Linnaeus, 1758);Wasseramsel;edb28b3c-2eee-408c-be93-661510f71a77
Rallus aquaticus Linnaeus, 1758;Wasserralle;440dc5ee-051c-4565-b662-22487620dbff
Parus montanus Conrad von Baldenstein, 1827;Weidenmeise;d86502d3-3ab8-45f0-9ef1-a33d847d78ea
Chlidonias hybrida (Pallas, 1811);Weißbart-Seeschwalbe;ec8d7496-a8ae-4af2-9e70-57383c77dbbf
Chlidonias leucopterus (Temminck, 1815);Weißflügel-Seeschwalbe;cee9d9b6-aefe-4599-b135-39ce9900f17a
Dendrocopos leucotos (Bechstein, 1802);Weißrückenspecht;75f80dbe-a710-4016-bddd-87db66d39e0b
Ciconia ciconia (Linnaeus, 1758);Weißstorch;cbda5f83-0cdc-477e-9fbd-9733a7e3cea7
Branta leucopsis (Bechstein, 1803);Weißwangengans;1326a3c7-ae98-4e73-8807-d64c0f2f7f3e
Jynx torquilla Linnaeus, 1758;Wendehals;1a3ad040-5984-46c0-9ccb-69bc9a221640
Pernis apivorus (Linnaeus, 1758);Wespenbussard;8cdb50f5-528b-4910-bcda-17ff093c68b5
Upupa epops Linnaeus, 1758;Wiedehopf;c06fcf52-8aba-4eec-a379-9a3916575bc1
Anthus pratensis (Linnaeus, 1758);Wiesenpieper;f773bc65-ad22-4e2d-8455-f99b8dd544d8
Motacilla flava Linnaeus, 1758;Wiesenschafstelze;482aca4b-6bbb-4f80-9eae-76ba444f50b9
Circus pygargus (Linnaeus, 1758);Wiesenweihe;79b23799-8d50-43ec-9f55-b4668b9369cf
Regulus regulus (Linnaeus, 1758);Wintergoldhähnchen;1fc85b0a-3150-47ad-bfbe-7cda7115d2ec
Emberiza cirlus Linnaeus, 1766;Zaunammer;8bddfc3d-0c37-4ca3-a34c-473c74eda3b3
Troglodytes troglodytes (Linnaeus, 1758);Zaunkönig;ee9aded3-9173-4f55-9c7a-c59012d68df6
Caprimulgus europaeus Linnaeus, 1758;Ziegenmelker;7805202e-2bee-4ba1-9e15-cdd7df36eeb4
Phylloscopus collybita (Vieillot, 1817);Zilpzalp;7be0e721-bf45-4e3f-9514-2629425dce6c
Emberiza cia Linnaeus, 1766;Zippammer;1199b300-7437-498c-a4d7-202096d8a0e5
Carduelis citrinella (Pallas, 1764);Zitronenzeisig;c6ec158b-bd0e-4f6c-90cc-ce9ac0435bcf
Ixobrychus minutus (Linnaeus, 1766);Zwergdommel;eab782a5-8e4d-4984-85ae-a2627361bf9c
Hydrocoloeus minutus (Pallas, 1774);Zwergmöwe;d848732d-fc1c-4849-a991-6dac6bdd933b
Otus scops (Linnaeus, 1758);Zwergohreule;2f3ee361-3e3d-4022-bb59-1abb77bd56c9
Ficedula parva (Bechstein, 1792);Zwergschnäpper;a69e165d-cc7e-4fbd-a325-6db0b62db910
Sternula albifrons (Pallas, 1776);Zwergseeschwalbe;43b636d8-4144-462b-8b35-6a6d8ee6ceb8
Porzana pusilla (Pallas, 1776);Zwergsumpfhuhn;50682fce-7e61-4521-b32f-e7306cfec9e2
Tachybaptus ruficollis (Pallas, 1764);Zwergtaucher;de469d03-ce2d-4122-bd48-412e508b04a0
Tetrax tetrax (Linnaeus, 1758);Zwergtrappe;f6964128-0a5f-4989-823c-19de4a48dd02
Erinaceomorpha;Igelartige;d6058461-31ad-4af2-8e4c-1af782379a6f
Erinaceus roumanicus Barrett-Hamilton, 1900;Ostigel;adc1ed34-a207-4d8d-adef-9c9bccd34c75
Erinaceus europaeus Linné, 1758;Westigel;6b3c10a7-22bc-4270-929a-fc0c70d790a5
Soricomorpha;Spitzmausartige;0ed40e56-7204-4ece-978a-22af4f4a4fc9
Sorex alpinus Schinz, 1837;Alpenspitzmaus;38ec01cc-e3be-4ade-95d3-a5bcf80eb036
Crocidura leucodon (Hermann, 1780);Feldspitzmaus;6bf2b33b-c5c0-4418-aa7d-2d0c51c4fbb5
Crocidura suaveolens (Pallas, 1811);Gartenspitzmaus;12f02e70-2ca6-45f9-8642-364248817453
Crocidura russula (Hermann, 1780);Hausspitzmaus;36b90aaf-a352-4af2-9e87-602622452ec2
Talpa europaea Linné, 1758;Maulwurf;d02f5a1c-9539-4155-bae2-5599ff448aac
Sorex coronatus Millet, 1828;Schabrackenspitzmaus;39cea90f-59dd-4278-9986-e84b350d7966
Neomys anomalus milleri Mottaz, 1907;Sumpfspitzmaus;4bf19506-0d8a-4603-8e7d-bdcc5091d1a8
Sorex araneus Linné, 1758;Waldspitzmaus;a78c748d-2ec3-4364-bf27-46663c704c6c
Neomys fodiens (Pennant, 1771);Wasserspitzmaus;26740c49-7f77-4ff5-adbd-4eb8faae8cdc
Sorex minutus Linné, 1766;Zwergspitzmaus;e000500a-ddfa-481b-a52c-4f057a50f0f0
Chiroptera;Fledermäuse;4f673e8d-a656-4591-9f40-b536913fba02
Hypsugo savii (Bonaparte, 1837);Alpenfledermaus;588fc858-02d7-4865-8b14-08b95e3a5c36
Myotis bechsteinii (Kuhl, 1817);Bechsteinfledermaus;ac7c1cf4-8ec0-463d-86e0-e9315e2883c8
Plecotus auritus (Linné, 1758);Braunes Langohr;d76e44bc-727a-4c2d-a91e-9ab06bc18efd
Eptesicus serotinus (Schreber, 1774);Breitflügelfledermaus;c4ba7dd4-f9c7-4fe0-88cd-d274d7a24a56
Myotis nattereri nattereri (Kuhl, 1817);Fransenfledermaus;bdf0ed03-ee7b-4fc8-b3b7-fd59559017d4
Plecotus austriacus (J. Fischer, 1829);Graues Langohr;8330bdad-45f2-4115-b330-bdf6c39cb9c2
Myotis brandtii (Eversmann, 1845);Große Bartfledermaus;9a2940f0-1646-4406-905c-a30329d5b522
Rhinolophus ferrumequinum (Schreber, 1774);Große Hufeisennase;19e8bb14-45ba-41a0-8c1c-8cbe6bee8877
Nyctalus noctula noctula (Schreber, 1774);Großer Abendsegler;32e75877-9a43-4516-95c2-baed8684de49
Myotis myotis myotis (Borkhausen, 1797);Großes Mausohr;7612e857-813b-4b1e-bdd6-076f532ea8ff
Nyctalus leisleri (Kuhl, 1817);Kleinabendsegler;890a92c2-ee78-467b-9b1e-2e0dd61d9d15
Myotis mystacinus (Kuhl, 1817);Kleine Bartfledermaus;5fa9b457-28cb-4232-b9ad-e67ce15fe4aa
Rhinolophus hipposideros (Bechstein, 1800);Kleine Hufeisennase;82c0cdbb-7015-4d88-9404-4c67b390bf33
Miniopterus schreibersii (Kuhl, 1817);Langflügelfledermaus;ef9821a2-8da5-423f-82eb-165614f5d27c
Barbastella barbastellus barbastellus (Schreber, 1774);Mopsfledermaus;63f66530-42ee-4147-a0bf-d49e9cb3c65b
Pipistrellus pygmaeus (Leach, 1825);Mückenfledermaus;1341966b-58cb-4197-b362-da672216a1a2
Eptesicus nilssonii (Keyserling & Blasius, 1839);Nordfledermaus;c4dd36b2-b8c0-4d8f-abd0-9da7e48e1094
Myotis alcathoe von Helversen & Heller, 2001;Nymphenfledermaus;41d952f0-e23a-49bb-9d9c-0b48d71a14f3
Pipistrellus nathusii (Keyserling & Blasius, 1839);Rauhautfledermaus;39aee9f5-87fa-473d-9103-32644c060afa
Myotis dasycneme (Boie, 1825);Teichfledermaus;069492d2-9593-4769-8fda-084de30297e3
Myotis daubentonii (Kuhl, 1817);Wasserfledermaus;ca15391c-b4bb-4325-bde9-af27e3d32dcd
Pipistrellus kuhlii (Kuhl, 1817);Weißrandfledermaus;fb03c7b2-ceb2-4e0b-9ea0-c0ec0e3faa3a
Myotis emarginatus (E. Geoffroy, 1806);Wimperfledermaus;1a09dd33-9bd8-4059-b6bc-976bd8550970
Vespertilio murinus Linné, 1758;Zweifarbfledermaus;49818591-1b55-4604-94f9-1728b3945a91
Pipistrellus pipistrellus (Schreber, 1774);Zwergfledermaus;9e563d1d-fb97-4c5d-967d-99453e95d900
Lagomorpha;Hasenartige;ff215b91-dfb8-40c2-a029-bccd3c6949ee
Lepus europaeus Pallas, 1778;Feldhase;83a2bd1d-b604-41bf-b10f-4324d6d27b0a
Lepus timidus Linné, 1758;Schneehase;21fe3b6b-73a9-414d-97fd-fb599a38f777
Oryctolagus cuniculus (Linné, 1758);Wildkaninchen;ed625860-5644-4d1d-bd47-2f2ee9bf0260
Rodentia;Nagetiere;8e31e741-3ef7-46b0-ab7b-9cbbdf12b14c
Marmota marmota (Linné, 1758);Alpenmurmeltier;7873c600-cae9-4447-b03f-df8eda7e1e57
Apodemus alpicola Heinrich, 1952;Alpenwaldmaus;510a69bb-b016-452b-835e-ecb8eabdbd30
Dryomys nitedula (Pallas, 1778);Baumschläfer;3697c01e-adaa-4ebb-8d90-b5a5f168c0d7
Tamiops cf. swinhoei (Milne-Edwards, 1874);Baumstreifenhörnchen;b7e57ded-764d-4e95-98e6-ebca6b462797
Microtus liechtensteini bavaricus (König, 1962);Bayerische Kleinwühlmaus;db4b2a51-9cb5-4b22-bfa5-58e0be64e9af
Ondatra zibethicus (Linné, 1766);Bisam;48bd6a3f-6522-4a50-82dd-932b3f39022d
Apodemus agrarius (Pallas, 1771);Brandmaus;718cf989-a59a-4fa2-8125-7fb5bcdcbad2
Sciurus vulgaris Linné, 1758;Eichhörnchen;beb0f313-6c62-4e59-860a-f15ddbe33f23
Microtus agrestis (Linné, 1761);Erdmaus;b88d1a32-94d9-4b0f-8023-63e95c77219f
Castor fiber Linné, 1758;Europäischer Biber;dced60e1-69fd-4801-9e69-306181ab2fe8
Spermophilus citellus (Linné, 1766);Europäisches Ziesel;2aba4fa1-4943-41f3-bd2c-a221322987fa
Cricetus cricetus (Linné, 1758);Feldhamster;3d61a523-4963-47ea-8e7f-cfa37c2c8703
Microtus arvalis (Pallas, 1778);Feldmaus;573178a0-45c6-4e10-8bb8-f368b377952b
Eliomys quercinus (Linné, 1766);Gartenschläfer;7cdb0351-7490-49f6-81cd-986b0a3a85b6
Apodemus flavicollis (Melchior, 1834);Gelbhalsmaus;7d053f7e-5448-4114-b30d-9cd3992b0d03
Muscardinus avellanarius (Linné, 1758);Haselmaus;17deccac-54ac-45a4-ab62-46103704cbff
Rattus rattus (Linné, 1758);Hausratte;8a610787-1a95-471d-b7e4-bce734a03937
Mus domesticus helgolandicus Zimmermann, 1953;Helgoländer Hausmaus;2a61bb8c-7d5c-4d5c-a945-99adee369384
Castor canadensis Kuhl, 1820;Kanadischer Biber;234a9e0f-7e4b-4db0-9a0f-53f36d250154
Microtus subterraneus (De Selys-Longchamps, 1836);Kleinwühlmaus;a41df2ac-d00d-4ca2-a87d-7d897a8eaa57
Myocastor coypus (Molina, 1782);Nutria;46091879-b411-4817-8df7-e9da90ae87a7
Mus musculus Linné, 1758;Östliche Hausmaus;18f52cf4-c491-44e5-b374-8a44c0f43636
Arvicola amphibius (Linné, 1758);Ostschermaus;a429ae11-3fd5-43cf-a95f-4db734dfc587
Myodes glareolus (Schreber, 1780);Rötelmaus;1f53bf87-77f6-4ae4-a76d-2a3a596aa289
Chionomys nivalis (Martins, 1842);Schneemaus;e4fcd21f-c4c5-4a8d-8efd-caff6c5a232b
Eutamias sibiricus (Laxmann, 1769);Sibirisches Streifenhörnchen;93b7b887-d465-4033-827e-d973d95b6699
Glis glis (Linné, 1766);Siebenschläfer;9627579f-8b09-4cbd-854e-b88bc74b3f0a
Tamias striatus (Linné, 1758);Streifen-Backenhörnchen;9d167234-8b54-4bdc-8c14-ffdef3819545
Alexandromys oeconomus (Pallas, 1776);Sumpfmaus;87161bd5-ba9a-419c-91f8-7f6d11f2694d
Sicista betulina (Pallas, 1779);Waldbirkenmaus;fbfa0d96-d0f0-43d5-bf2f-9c6c475166b2
Apodemus sylvaticus (Linné, 1758);Waldmaus;3f85856b-ccf1-49cb-bc77-74e6d432073d
Rattus norvegicus (Berkenhout, 1769);Wanderratte;911030cd-adb5-44cf-b412-ac812180e17f
Mus domesticus domesticus E. Schwarz & H.K. Schwarz, 1943;Westliche Hausmaus;f713b251-fa8e-4554-8740-9826d4556ec5
Micromys minutus (Pallas, 1771);Zwergmaus;9d7507e2-cb47-472b-bf13-058e45a6d3f0
Carnivora;Raubtiere;314312a0-a97b-470e-859b-2868af3b103d
Halichoerus grypus atlanticus Nehring, 1886;Atlantische Kegelrobbe;1eedabd0-9e23-4ad8-8d18-510905aa1d95
Halichoerus grypus grypus (Fabricius, 1791);Baltische Kegelrobbe;a55f437d-200a-4943-aeeb-31240a1befe2
Martes martes (Linné, 1758);Baummarder;523986ac-7fed-4cbd-a832-84b3ef6a7059
Ursus arctos Linné, 1758;Braunbär;9cae61e9-1348-4c3d-8802-89ba301fab93
Meles meles (Linné, 1758);Dachs;58f2be36-c721-4504-ba66-a73d90be5d76
Mustela lutreola (Linné, 1761);Europäischer Nerz;02d00049-6c1d-4ac8-9960-d78d67130307
Lutra lutra (Linné, 1758);Fischotter;76f22e30-7038-4569-9dce-b3b0afd806fe
Vulpes vulpes (Linné, 1758);Fuchs;6834f065-7845-4987-b310-ed997251730f
Canis aureus Linné, 1758;Goldschakal;20d56733-5da9-4147-95a8-4727cdcc210f
Felis catus Linné, 1758;Hauskatze;4ddfb398-1ddb-421b-bc77-a651221a0a4b
Mustela erminea Linné, 1758;Hermelin;e406781c-6dfb-41d0-8e6f-633b63544d92
Mustela putorius Linné, 1758;Iltis;40156b3e-9e12-4a04-9099-1d2778e0e444
Lynx lynx (Linné, 1758);Luchs;a39363ee-ae06-49ca-96b7-a75539f5be9f
Nyctereutes procyonoides (Gray, 1834);Marderhund;1cf161d1-eb7a-4ce4-a800-47aeeb63991f
Mustela nivalis Linné, 1766;Mauswiesel;e6cfdf24-e42a-43f9-8788-db7814da89d9
Neovison vison (Schreber, 1777);Mink;ad54cf29-db00-47c4-bfef-ab8868074287
Phoca vitulina vitulina Linné, 1758;Seehund;c352680d-5766-4958-811a-ca5b7c27331f
Martes foina (Erxleben, 1777);Steinmarder;3e2ae21f-7289-4ac2-9e14-5df089d299d0
Mustela eversmanii Lesson, 1827;Steppeniltis;1d85f849-ece7-4f2e-af0f-26d6cfcd910d
Procyon lotor (Linné, 1758);Waschbär;6a9a6cf3-8888-488c-ad2a-9bd200803d39
Felis silvestris silvestris Schreber, 1777;Wildkatze;d1a2434d-cf01-4666-be52-a33910856f50
Canis lupus Linné, 1758;Wolf;aa0920fe-cec7-4192-a809-f405252a22fd
Primates;Primaten;d071cf51-0577-4b8d-be78-84edef2b0c1b
Homo sapiens Linné, 1758;Mensch;0feec1ed-fcb4-46d9-ad93-2ebb1fd6a956
Ungulata;Huftiere;168d1c3b-cd92-4e6e-b4f1-bfc62de15429
Bos primigenius Bojanus, 1827;Auerochse;010f8914-f20c-4d4f-8e8e-dd38e01c63fa
Dama dama (Linné, 1758);Damhirsch;10e37674-f92d-4624-9db9-7d0ce8060f2b
Alces alces (Linné, 1758);Elch;023f9fa6-c2e2-4165-b2c8-8e5e6472823d
Rupicapra rupicapra (Linné, 1758);Gämse;d244fd5d-6d91-4dda-9309-009df7559616
Ovis orientalis Gmelin, 1774;Mufflon;481e7931-3773-420b-a438-ed6e3b99d969
Capreolus capreolus (Linné, 1758);Reh;31597c48-6122-417c-9d57-f7ddc9aa5a63
Cervus elaphus Linné, 1758;Rothirsch;e1e5abef-5d98-46c9-ba5b-ae1909e3091d
Cervus nippon Temminck, 1838;Sikahirsch;2a233977-1deb-4515-9d49-e5375527f955
Capra ibex Linné, 1758;Steinbock;66d8ad46-8f4f-4df2-a39d-0bc7e7a2fe8c
Equus ferus Boddaert, 1785;Wildpferd;af133bd3-7d2c-4457-a039-222389404f06
Sus scrofa Linné, 1758;Wildschwein;ee93999b-c3c7-4a9a-a2a0-d4e5c7a9989b
Bison bonasus (Linné, 1758);Wisent;85761189-c67b-4afe-8d4f-f268257aa336
